playername,firstname,lastname,mlb_team,nl_team,year
Jackie Robinson,Jackie,Robinson,Brooklyn Dodgers,Kansas City Monarchs,1947
Larry Doby,Larry,Doby,Cleveland Indians,Newark Eagles,1947
Hank Thompson,Hank,Thompson,St. Louis Browns,Kansas City Monarchs,1947
Willard Brown,Willard,Brown,St. Louis Browns,Kansas City Monarchs,1947
Dan Bankhead,Dan,Bankhead,Brooklyn Dodgers,Memphis Red Sox,1947
Roy Campanella,Roy,Campanella,Brooklyn Dodgers,Baltimore Elite Giants,1948
Satchel Paige,Satchel,Paige,Cleveland Indians,Kansas City Monarchs,1948
Minnie Minoso,Minnie,Miñoso,Cleveland Indians,New York Cubans,1949
Don Newcombe,Don,Newcombe,Brooklyn Dodgers,Newark Eagles,1949
Monte Irvin,Monte,Irvin,New York Giants,Newark Eagles,1949
Luke Easter,Luke,Easter,Cleveland Indians,Homestead Grays,1949
Sam Jethroe,Sam,Jethroe,Boston Braves,Cleveland Buckeyes,1950
Luis Marquez,Luis,Márquez,Boston Braves,Homestead Grays,1951
Ray Noble,Ray,Noble,New York Giants,New York Cubans,1951
Artie Wilson,Artie,Wilson,New York Giants,Birmingham Black Barons,1951
Harry Simpson,Harry,Simpson,Cleveland Indians,Philadelphia Stars,1951
Willie Mays,Willie,Mays,New York Giants,Birmingham Black Barons,1951
Sam Hairston,Sam,Hairston,Chicago White Sox,Indianapolis Clowns,1951
Bob Boyd,Bob,Boyd,Chicago White Sox,Memphis Red Sox,1951
Sam Jones,Sam,Jones,Cleveland Indians,Cleveland Buckeyes,1951
Hector Rodriquez,Héctor,Rodríguez,Chicago White Sox,New York Cubans,1952
George Crowe,George,Crowe,Boston Braves,New York Black Yankees,1952
Buzz Clarkson,Buster,Clarkson,Boston Braves,Philadelphia Stars,1952
Quincy Trouppe,Quincy,Trouppe,Cleveland Indians,Cleveland Buckeyes,1952
Joe Black,Joe,Black,Brooklyn Dodgers,Baltimore Elite Giants,1952
Dave Pope,Dave,Pope,Cleveland Indians,Homestead Grays,1952
Sandy Amoros,Sandy,Amorós,Brooklyn Dodgers,New York Cubans,1952
Junior Gilliam,Jim,Gilliam,Brooklyn Dodgers,Baltimore Elite Giants,1953
Connie Johnson,Connie,Johnson,Chicago White Sox,Kansas City Monarchs,1953
Billy Bruton,Billy,Bruton,Milwaukee Braves,Philadelphia Stars,1953
Jim Pendleton,Jim,Pendleton,Milwaukee Braves,Chicago American Giants,1953
Dave Hoskins,Dave,Hoskins,Cleveland Indians,Louisville Buckeyes,1953
Al Smith,Al,Smith,Cleveland Indians,Cleveland Buckeyes,1953
Bob Trice,Bob,Trice,Philadelphia Athletics,Homestead Grays,1953
Ernie Banks,Ernie,Banks,Chicago Cubs,Kansas City Monarchs,1953
Gene Baker,Gene,Baker,Chicago Cubs,Kansas City Monarchs,1953
Hank Aaron,Hank,Aaron,Milwaukee Braves,Indianapolis Clowns,1954
Tom Alston,Tom,Alston,St. Louis Cardinals,Greensboro Red Wings,1954
Curt Roberts,Curt,Roberts,Pittsburgh Pirates,Kansas City Monarchs,1954
Chuck Harmon,Chuck,Harmon,Cincinnati Reds,Indianapolis Clowns,1954
Jose Santiago,José,Santiago,Cleveland Indians,New York Cubans,1954
Charlie White,Charlie,White,Milwaukee Braves,Philadelphia Stars,1954
Jehosie Heard,Jehosie,Heard,Baltimore Orioles,New Orleans Eagles,1954
William Greason,Bill,Greason,St. Louis Cardinals,Birmingham Black Barons,1954
Carlos Paula,Carlos,Paula,Washington Senators,Havana Cuban Giants,1954
Joe Cephus,Joe,Cephus,Philadelphia Athletics,Chicago American Giants,1954
Joe Durham,Joe,Durham,Baltimore Orioles,Chicago American Giants,1954
Elston Howard,Elston,Howard,New York Yankees,Kansas City Monarchs,1955
Bob Thurman,Bob,Thurman,Cincinnati Reds,Kansas City Monarchs,1955
Roberto Vargas,Roberto,Vargas,Milwaukee Braves,Chicago American Giants,1955
Lino Donso,Lino,Donoso,Pittsburgh Pirates,New York Cubans,1955
Milt Smith,Milton,Smith,Cincinnati Reds,Philadelphia Stars,1955
Billy Harrell,Billy,Harrell,Cleveland Indians,Birmingham Black Barons,1955
Vibert Clarke,Vibert,Clarke,Washington Senators,Memphis Red Sox,1955
Charlie Neal,Charlie,Neal,Brooklyn Dodgers,Atlanta Black Crackers,1956
Pat Scantlebury,Pat,Scantlebury,Cincinnati Reds,New York Cubans,1956
Charles Peete,Charles,Peete,St. Louis Cardinals,Indianapolis Clowns,1956
Joe Caffie,Joe,Caffie,Cleveland Indians,Cleveland Buckeyes,1956
Larry Raines,Larry,Raines,Cleveland Indians,Chicago American Giants,1957
John Kennedy,John,Kennedy,Philadelphia Phillies,Birmingham Black Barons,1957
Frank Barnes,Frank,Barnes,St. Louis Cardinals,Kansas City Monarchs,1957
Pancho Herrera,Pancho,Herrera,Philadelphia Phillies,Kansas City Monarchs,1958
Robert Wilson,Bob,Wilson,Los Angeles Dodgers,Newark Eagles,1958
Hank Mason,Hank,Mason,Philadelphia Phillies,Kansas City Monarchs,1958
George Altman,George,Altman,Chicago Cubs,Kansas City Monarchs,1959
Marshall Bridges,Marshall,Bridges,St. Louis Cardinals,Memphis Red Sox,1959
Jim Proctor,Jim,Proctor,Detroit Tigers,Indianapolis Clowns,1959
Maury Wills,Maury,Wills,Los Angeles Dodgers,Raleigh Tigers,1959
Willie Mc,Willie,Mc,San Francisco Giants,Birmingham Black Barons,1959
Lou Johnson,Lou,Johnson,Chicago Cubs,Kansas City Monarchs,1960
Walt Bond,Walt,Bond,Cleveland Indians,Kansas City Monarchs,1960
Harold Jones,Harold,Jones,Cleveland Indians,Kansas City Monarchs,1961
Clarence Coleman,Clarence,Coleman,Philadelphia Phillies,Indianapolis Clowns,1961
Bob Prescott,Bob,Prescott,Kansas City Athletics,Jacksonville Eagles,1961
John Wyatt,John,Wyatt,Kansas City Athletics,Indianapolis Clowns,1961
Donn Clendenon,Donn,Clendenon,Pittsburgh Pirates,Kansas City Monarchs,1961
J.C. Hartman,J. C.,Hartman,Houston Colt 45’s,Kansas City Monarchs,1962
Charlie Dees,Charlie,Dees,Los Angeles Angels,Louisville Clippers,1963
Willie Smith,Willie,Smith,Detroit Tigers,Birmingham Black Barons,1963
George Smith,George,Smith,Detroit Tigers,Indianapolis Clowns,1963
"John ""Blue Moon"" Odom",John,Odom,Kansas City Athletics,Raleigh Tigers,1964
Paul Cassanova,Paul,Casanova,Washington Senators,Indianapolis Clowns,1965
George Spriggs,George,Spriggs,Pittsburgh Pirates,Detroit Stars,1965
Hal King,Hal,King,Houston Astros,Indianapolis Clowns,1967
Ike Brown,Ike,Brown,Detroit Tigers,Kansas City Monarchs,1969
Billy Parker,Billy,Parker,California Angeles,Indianapolis Clowns,1971
Harry Chappas,Harry,Chappas,Chicago White Sox,Indianapolis Clowns,1978
